{"cameraMode":{"drawMode":0,"name":"Shaded","section":"Shading Mode"},"sceneLighting":false,"audioPlay":false,"sceneViewState":{"showFog":true,"showMaterialUpdate":true,"showSkybox":false,"showFlares":true,"showImageEffects":true,"showParticleSystems":true},"in2DMode":false,"pivot":{"x":0.0,"y":1.2500026226043702,"z":2.384185791015625e-7},"rotation":{"x":0.24196754395961762,"y":0.33846038579940798,"z":-0.09057251363992691,"w":0.9048736691474915},"size":13.018284797668457,"orthographic":false}