{"cameraMode":{"drawMode":0,"name":"Shaded","section":"Shading Mode"},"sceneLighting":true,"audioPlay":false,"sceneViewState":{"showFog":true,"showMaterialUpdate":true,"showSkybox":true,"showFlares":true,"showImageEffects":true,"showParticleSystems":true},"in2DMode":false,"pivot":{"x":-12.378984451293946,"y":-5.576651573181152,"z":2.5824241638183595},"rotation":{"x":0.16246573626995088,"y":-0.4725010395050049,"z":0.08899951726198197,"w":0.861693799495697},"size":29.757448196411134,"orthographic":false}