{"cameraMode":{"drawMode":0,"name":"Shaded","section":"Shading Mode"},"sceneLighting":true,"audioPlay":false,"sceneViewState":{"showFog":true,"showMaterialUpdate":true,"showSkybox":true,"showFlares":true,"showImageEffects":true,"showParticleSystems":true},"in2DMode":false,"pivot":{"x":-14.828126907348633,"y":35.58699035644531,"z":1.4772109985351563},"rotation":{"x":0.47114166617393496,"y":0.09650040417909622,"z":-0.051952339708805087,"w":0.8752515316009522},"size":22.0,"orthographic":false}