{"cameraMode":{"drawMode":0,"name":"Shaded","section":"Shading Mode"},"sceneLighting":true,"audioPlay":false,"sceneViewState":{"showFog":true,"showMaterialUpdate":true,"showSkybox":true,"showFlares":true,"showImageEffects":true,"showParticleSystems":true},"in2DMode":false,"pivot":{"x":11.628642082214356,"y":10.03969669342041,"z":31.079435348510743},"rotation":{"x":0.33846625685691836,"y":-0.46287697553634646,"z":0.19688482582569123,"w":0.7953033447265625},"size":21.866619110107423,"orthographic":false}