{"cameraMode":{"drawMode":0,"name":"Shaded","section":"Shading Mode"},"sceneLighting":true,"audioPlay":false,"sceneViewState":{"showFog":true,"showMaterialUpdate":true,"showSkybox":true,"showFlares":true,"showImageEffects":true,"showParticleSystems":true},"in2DMode":false,"pivot":{"x":-17.342498779296876,"y":6.732685089111328,"z":-3.6136255264282228},"rotation":{"x":0.15662826597690583,"y":0.5868338942527771,"z":-0.11708978563547135,"w":0.7858312726020813},"size":17.751338958740236,"orthographic":false}