{"cameraMode":{"drawMode":0,"name":"Shaded","section":"Shading Mode"},"sceneLighting":false,"audioPlay":false,"sceneViewState":{"showFog":true,"showMaterialUpdate":true,"showSkybox":false,"showFlares":true,"showImageEffects":true,"showParticleSystems":true},"in2DMode":false,"pivot":{"x":-4.769999980926514,"y":1.4900000095367432,"z":-0.5800000429153442},"rotation":{"x":0.11402427405118942,"y":0.5292438268661499,"z":-0.07210270315408707,"w":0.837740957736969},"size":2.1713316440582277,"orthographic":false}