{"cameraMode":{"drawMode":0,"name":"Shaded","section":"Shading Mode"},"sceneLighting":false,"audioPlay":false,"sceneViewState":{"showFog":true,"showMaterialUpdate":true,"showSkybox":false,"showFlares":true,"showImageEffects":true,"showParticleSystems":true},"in2DMode":false,"pivot":{"x":417.983154296875,"y":508.9351806640625,"z":1407.4180908203125},"rotation":{"x":-0.06863578408956528,"y":-0.002680145436897874,"z":-0.00017439013754483312,"w":0.9976600408554077},"size":2098.56396484375,"orthographic":false}