{"cameraMode":{"drawMode":0,"name":"Shaded","section":"Shading Mode"},"sceneLighting":true,"audioPlay":false,"sceneViewState":{"showFog":true,"showMaterialUpdate":true,"showSkybox":true,"showFlares":true,"showImageEffects":true,"showParticleSystems":true},"in2DMode":false,"pivot":{"x":5.997995376586914,"y":-1.8865729570388795,"z":0.058838024735450748},"rotation":{"x":0.12578432261943818,"y":0.6842285990715027,"z":-0.12154047936201096,"w":0.7080113887786865},"size":22.0,"orthographic":false}