{"cameraMode":{"drawMode":0,"name":"Shaded","section":"Shading Mode"},"sceneLighting":true,"audioPlay":false,"sceneViewState":{"showFog":true,"showMaterialUpdate":true,"showSkybox":true,"showFlares":true,"showImageEffects":true,"showParticleSystems":true},"in2DMode":false,"pivot":{"x":0.039920806884765628,"y":0.08507823944091797,"z":4.036747932434082},"rotation":{"x":0.24051128327846528,"y":0.3527805209159851,"z":-0.09434657543897629,"w":0.899359405040741},"size":22.0,"orthographic":false}