{"cameraMode":{"drawMode":0,"name":"Shaded","section":"Shading Mode"},"sceneLighting":true,"audioPlay":false,"sceneViewState":{"showFog":true,"showMaterialUpdate":true,"showSkybox":true,"showFlares":true,"showImageEffects":true,"showParticleSystems":true},"in2DMode":false,"pivot":{"x":1.498098373413086,"y":-8.774092674255371,"z":11.315811157226563},"rotation":{"x":0.33870598673820498,"y":0.11618753522634506,"z":-0.04226751998066902,"w":0.932796835899353},"size":33.95819091796875,"orthographic":false}