{"cameraMode":{"drawMode":0,"name":"Shaded","section":"Shading Mode"},"sceneLighting":true,"audioPlay":false,"sceneViewState":{"showFog":true,"showMaterialUpdate":true,"showSkybox":true,"showFlares":true,"showImageEffects":true,"showParticleSystems":true},"in2DMode":false,"pivot":{"x":-1.6034802198410035,"y":-2.046793222427368,"z":9.13379192352295},"rotation":{"x":0.18235783278942109,"y":-0.10744579881429672,"z":0.02005143277347088,"w":0.977146327495575},"size":19.235780715942384,"orthographic":false}